<annotation>
	<folder>JPEGImages</folder>
	<filename>101.jpg</filename>
	<path>G:\火焰已标注数据集500张\JPEGImages\101.jpg</path>
	<source>
		<database>Unknown</database>
	</source>
	<size>
		<width>296</width>
		<height>170</height>
		<depth>3</depth>
	</size>
	<segmented>0</segmented>
	<object>
		<name>fire</name>
		<pose>Unspecified</pose>
		<truncated>0</truncated>
		<difficult>0</difficult>
		<bndbox>
			<xmin>106</xmin>
			<ymin>68</ymin>
			<xmax>182</xmax>
			<ymax>126</ymax>
		</bndbox>
	</object>
</annotation>
