<annotation>
	<folder>JPEGImages</folder>
	<filename>107.jpg</filename>
	<path>G:\火焰已标注数据集500张\JPEGImages\107.jpg</path>
	<source>
		<database>Unknown</database>
	</source>
	<size>
		<width>188</width>
		<height>268</height>
		<depth>3</depth>
	</size>
	<segmented>0</segmented>
	<object>
		<name>fire</name>
		<pose>Unspecified</pose>
		<truncated>0</truncated>
		<difficult>0</difficult>
		<bndbox>
			<xmin>42</xmin>
			<ymin>208</ymin>
			<xmax>81</xmax>
			<ymax>248</ymax>
		</bndbox>
	</object>
</annotation>
