<annotation>
	<folder>JPEGImages</folder>
	<filename>108.jpg</filename>
	<path>G:\火焰已标注数据集500张\JPEGImages\108.jpg</path>
	<source>
		<database>Unknown</database>
	</source>
	<size>
		<width>285</width>
		<height>177</height>
		<depth>3</depth>
	</size>
	<segmented>0</segmented>
	<object>
		<name>fire</name>
		<pose>Unspecified</pose>
		<truncated>0</truncated>
		<difficult>0</difficult>
		<bndbox>
			<xmin>50</xmin>
			<ymin>31</ymin>
			<xmax>132</xmax>
			<ymax>105</ymax>
		</bndbox>
	</object>
</annotation>
