<annotation>
	<folder>JPEGImages</folder>
	<filename>12.jpg</filename>
	<path>G:\火焰已标注数据集500张\JPEGImages\12.jpg</path>
	<source>
		<database>Unknown</database>
	</source>
	<size>
		<width>252</width>
		<height>200</height>
		<depth>3</depth>
	</size>
	<segmented>0</segmented>
	<object>
		<name>fire</name>
		<pose>Unspecified</pose>
		<truncated>0</truncated>
		<difficult>0</difficult>
		<bndbox>
			<xmin>58</xmin>
			<ymin>38</ymin>
			<xmax>102</xmax>
			<ymax>81</ymax>
		</bndbox>
	</object>
</annotation>
