<annotation>
	<folder>JPEGImages</folder>
	<filename>124.jpg</filename>
	<path>G:\火焰已标注数据集500张\JPEGImages\124.jpg</path>
	<source>
		<database>Unknown</database>
	</source>
	<size>
		<width>248</width>
		<height>203</height>
		<depth>3</depth>
	</size>
	<segmented>0</segmented>
	<object>
		<name>fire</name>
		<pose>Unspecified</pose>
		<truncated>0</truncated>
		<difficult>0</difficult>
		<bndbox>
			<xmin>57</xmin>
			<ymin>98</ymin>
			<xmax>98</xmax>
			<ymax>133</ymax>
		</bndbox>
	</object>
	<object>
		<name>fire</name>
		<pose>Unspecified</pose>
		<truncated>0</truncated>
		<difficult>0</difficult>
		<bndbox>
			<xmin>114</xmin>
			<ymin>82</ymin>
			<xmax>178</xmax>
			<ymax>143</ymax>
		</bndbox>
	</object>
</annotation>
