<annotation>
	<folder>JPEGImages</folder>
	<filename>126.jpg</filename>
	<path>G:\火焰已标注数据集500张\JPEGImages\126.jpg</path>
	<source>
		<database>Unknown</database>
	</source>
	<size>
		<width>227</width>
		<height>222</height>
		<depth>3</depth>
	</size>
	<segmented>0</segmented>
	<object>
		<name>fire</name>
		<pose>Unspecified</pose>
		<truncated>0</truncated>
		<difficult>0</difficult>
		<bndbox>
			<xmin>57</xmin>
			<ymin>155</ymin>
			<xmax>124</xmax>
			<ymax>215</ymax>
		</bndbox>
	</object>
</annotation>
