<annotation>
	<folder>JPEGImages</folder>
	<filename>129.jpg</filename>
	<path>G:\火焰已标注数据集500张\JPEGImages\129.jpg</path>
	<source>
		<database>Unknown</database>
	</source>
	<size>
		<width>278</width>
		<height>181</height>
		<depth>3</depth>
	</size>
	<segmented>0</segmented>
	<object>
		<name>fire</name>
		<pose>Unspecified</pose>
		<truncated>0</truncated>
		<difficult>0</difficult>
		<bndbox>
			<xmin>73</xmin>
			<ymin>86</ymin>
			<xmax>118</xmax>
			<ymax>118</ymax>
		</bndbox>
	</object>
</annotation>
