<annotation>
	<folder>JPEGImages</folder>
	<filename>131.jpg</filename>
	<path>G:\火焰已标注数据集500张\JPEGImages\131.jpg</path>
	<source>
		<database>Unknown</database>
	</source>
	<size>
		<width>320</width>
		<height>158</height>
		<depth>3</depth>
	</size>
	<segmented>0</segmented>
	<object>
		<name>fire</name>
		<pose>Unspecified</pose>
		<truncated>0</truncated>
		<difficult>0</difficult>
		<bndbox>
			<xmin>92</xmin>
			<ymin>36</ymin>
			<xmax>205</xmax>
			<ymax>135</ymax>
		</bndbox>
	</object>
</annotation>
