<annotation>
	<folder>JPEGImages</folder>
	<filename>136.jpg</filename>
	<path>G:\火焰已标注数据集500张\JPEGImages\136.jpg</path>
	<source>
		<database>Unknown</database>
	</source>
	<size>
		<width>275</width>
		<height>183</height>
		<depth>3</depth>
	</size>
	<segmented>0</segmented>
	<object>
		<name>fire</name>
		<pose>Unspecified</pose>
		<truncated>0</truncated>
		<difficult>0</difficult>
		<bndbox>
			<xmin>92</xmin>
			<ymin>7</ymin>
			<xmax>201</xmax>
			<ymax>113</ymax>
		</bndbox>
	</object>
	<object>
		<name>fire</name>
		<pose>Unspecified</pose>
		<truncated>0</truncated>
		<difficult>0</difficult>
		<bndbox>
			<xmin>66</xmin>
			<ymin>126</ymin>
			<xmax>113</xmax>
			<ymax>135</ymax>
		</bndbox>
	</object>
</annotation>
