<annotation>
	<folder>JPEGImages</folder>
	<filename>146.jpg</filename>
	<path>G:\火焰已标注数据集500张\JPEGImages\146.jpg</path>
	<source>
		<database>Unknown</database>
	</source>
	<size>
		<width>270</width>
		<height>187</height>
		<depth>3</depth>
	</size>
	<segmented>0</segmented>
	<object>
		<name>fire</name>
		<pose>Unspecified</pose>
		<truncated>0</truncated>
		<difficult>0</difficult>
		<bndbox>
			<xmin>164</xmin>
			<ymin>49</ymin>
			<xmax>227</xmax>
			<ymax>115</ymax>
		</bndbox>
	</object>
</annotation>
