<annotation>
	<folder>JPEGImages</folder>
	<filename>149.jpg</filename>
	<path>G:\火焰已标注数据集500张\JPEGImages\149.jpg</path>
	<source>
		<database>Unknown</database>
	</source>
	<size>
		<width>228</width>
		<height>222</height>
		<depth>3</depth>
	</size>
	<segmented>0</segmented>
	<object>
		<name>fire</name>
		<pose>Unspecified</pose>
		<truncated>0</truncated>
		<difficult>0</difficult>
		<bndbox>
			<xmin>71</xmin>
			<ymin>116</ymin>
			<xmax>207</xmax>
			<ymax>200</ymax>
		</bndbox>
	</object>
</annotation>
