<annotation>
	<folder>JPEGImages</folder>
	<filename>154.jpg</filename>
	<path>G:\火焰已标注数据集500张\JPEGImages\154.jpg</path>
	<source>
		<database>Unknown</database>
	</source>
	<size>
		<width>300</width>
		<height>168</height>
		<depth>3</depth>
	</size>
	<segmented>0</segmented>
	<object>
		<name>fire</name>
		<pose>Unspecified</pose>
		<truncated>0</truncated>
		<difficult>0</difficult>
		<bndbox>
			<xmin>94</xmin>
			<ymin>32</ymin>
			<xmax>171</xmax>
			<ymax>153</ymax>
		</bndbox>
	</object>
	<object>
		<name>fire</name>
		<pose>Unspecified</pose>
		<truncated>0</truncated>
		<difficult>0</difficult>
		<bndbox>
			<xmin>176</xmin>
			<ymin>102</ymin>
			<xmax>221</xmax>
			<ymax>148</ymax>
		</bndbox>
	</object>
</annotation>
