<annotation>
	<folder>JPEGImages</folder>
	<filename>168.jpg</filename>
	<path>G:\火焰已标注数据集500张\JPEGImages\168.jpg</path>
	<source>
		<database>Unknown</database>
	</source>
	<size>
		<width>274</width>
		<height>184</height>
		<depth>3</depth>
	</size>
	<segmented>0</segmented>
	<object>
		<name>fire</name>
		<pose>Unspecified</pose>
		<truncated>0</truncated>
		<difficult>0</difficult>
		<bndbox>
			<xmin>90</xmin>
			<ymin>15</ymin>
			<xmax>121</xmax>
			<ymax>33</ymax>
		</bndbox>
	</object>
	<object>
		<name>fire</name>
		<pose>Unspecified</pose>
		<truncated>0</truncated>
		<difficult>0</difficult>
		<bndbox>
			<xmin>84</xmin>
			<ymin>42</ymin>
			<xmax>171</xmax>
			<ymax>135</ymax>
		</bndbox>
	</object>
</annotation>
