<annotation>
	<folder>JPEGImages</folder>
	<filename>171.jpg</filename>
	<path>G:\火焰已标注数据集500张\JPEGImages\171.jpg</path>
	<source>
		<database>Unknown</database>
	</source>
	<size>
		<width>300</width>
		<height>168</height>
		<depth>3</depth>
	</size>
	<segmented>0</segmented>
	<object>
		<name>fire</name>
		<pose>Unspecified</pose>
		<truncated>0</truncated>
		<difficult>0</difficult>
		<bndbox>
			<xmin>126</xmin>
			<ymin>85</ymin>
			<xmax>165</xmax>
			<ymax>134</ymax>
		</bndbox>
	</object>
</annotation>
