<annotation>
	<folder>JPEGImages</folder>
	<filename>172.jpg</filename>
	<path>G:\火焰已标注数据集500张\JPEGImages\172.jpg</path>
	<source>
		<database>Unknown</database>
	</source>
	<size>
		<width>262</width>
		<height>192</height>
		<depth>3</depth>
	</size>
	<segmented>0</segmented>
	<object>
		<name>fire</name>
		<pose>Unspecified</pose>
		<truncated>0</truncated>
		<difficult>0</difficult>
		<bndbox>
			<xmin>70</xmin>
			<ymin>49</ymin>
			<xmax>156</xmax>
			<ymax>94</ymax>
		</bndbox>
	</object>
	<object>
		<name>fire</name>
		<pose>Unspecified</pose>
		<truncated>0</truncated>
		<difficult>0</difficult>
		<bndbox>
			<xmin>62</xmin>
			<ymin>96</ymin>
			<xmax>159</xmax>
			<ymax>128</ymax>
		</bndbox>
	</object>
</annotation>
