<annotation>
	<folder>JPEGImages</folder>
	<filename>174.jpg</filename>
	<path>G:\火焰已标注数据集500张\JPEGImages\174.jpg</path>
	<source>
		<database>Unknown</database>
	</source>
	<size>
		<width>259</width>
		<height>194</height>
		<depth>3</depth>
	</size>
	<segmented>0</segmented>
	<object>
		<name>fire</name>
		<pose>Unspecified</pose>
		<truncated>0</truncated>
		<difficult>0</difficult>
		<bndbox>
			<xmin>90</xmin>
			<ymin>31</ymin>
			<xmax>162</xmax>
			<ymax>88</ymax>
		</bndbox>
	</object>
	<object>
		<name>fire</name>
		<pose>Unspecified</pose>
		<truncated>0</truncated>
		<difficult>0</difficult>
		<bndbox>
			<xmin>112</xmin>
			<ymin>90</ymin>
			<xmax>136</xmax>
			<ymax>103</ymax>
		</bndbox>
	</object>
</annotation>
