<annotation>
	<folder>JPEGImages</folder>
	<filename>175.jpg</filename>
	<path>G:\火焰已标注数据集500张\JPEGImages\175.jpg</path>
	<source>
		<database>Unknown</database>
	</source>
	<size>
		<width>275</width>
		<height>183</height>
		<depth>3</depth>
	</size>
	<segmented>0</segmented>
	<object>
		<name>fire</name>
		<pose>Unspecified</pose>
		<truncated>0</truncated>
		<difficult>0</difficult>
		<bndbox>
			<xmin>139</xmin>
			<ymin>60</ymin>
			<xmax>234</xmax>
			<ymax>103</ymax>
		</bndbox>
	</object>
	<object>
		<name>fire</name>
		<pose>Unspecified</pose>
		<truncated>0</truncated>
		<difficult>0</difficult>
		<bndbox>
			<xmin>141</xmin>
			<ymin>125</ymin>
			<xmax>185</xmax>
			<ymax>137</ymax>
		</bndbox>
	</object>
</annotation>
