<annotation>
	<folder>JPEGImages</folder>
	<filename>177.jpg</filename>
	<path>G:\火焰已标注数据集500张\JPEGImages\177.jpg</path>
	<source>
		<database>Unknown</database>
	</source>
	<size>
		<width>225</width>
		<height>225</height>
		<depth>3</depth>
	</size>
	<segmented>0</segmented>
	<object>
		<name>fire</name>
		<pose>Unspecified</pose>
		<truncated>0</truncated>
		<difficult>0</difficult>
		<bndbox>
			<xmin>49</xmin>
			<ymin>91</ymin>
			<xmax>121</xmax>
			<ymax>154</ymax>
		</bndbox>
	</object>
</annotation>
