<annotation>
	<folder>JPEGImages</folder>
	<filename>182.jpg</filename>
	<path>G:\火焰已标注数据集500张\JPEGImages\182.jpg</path>
	<source>
		<database>Unknown</database>
	</source>
	<size>
		<width>183</width>
		<height>276</height>
		<depth>3</depth>
	</size>
	<segmented>0</segmented>
	<object>
		<name>fire</name>
		<pose>Unspecified</pose>
		<truncated>0</truncated>
		<difficult>0</difficult>
		<bndbox>
			<xmin>47</xmin>
			<ymin>175</ymin>
			<xmax>168</xmax>
			<ymax>246</ymax>
		</bndbox>
	</object>
</annotation>
