<annotation>
	<folder>JPEGImages</folder>
	<filename>188.jpg</filename>
	<path>G:\火焰已标注数据集500张\JPEGImages\188.jpg</path>
	<source>
		<database>Unknown</database>
	</source>
	<size>
		<width>271</width>
		<height>186</height>
		<depth>3</depth>
	</size>
	<segmented>0</segmented>
	<object>
		<name>fire</name>
		<pose>Unspecified</pose>
		<truncated>0</truncated>
		<difficult>0</difficult>
		<bndbox>
			<xmin>89</xmin>
			<ymin>52</ymin>
			<xmax>140</xmax>
			<ymax>105</ymax>
		</bndbox>
	</object>
	<object>
		<name>fire</name>
		<pose>Unspecified</pose>
		<truncated>0</truncated>
		<difficult>0</difficult>
		<bndbox>
			<xmin>188</xmin>
			<ymin>80</ymin>
			<xmax>204</xmax>
			<ymax>96</ymax>
		</bndbox>
	</object>
</annotation>
