<annotation>
	<folder>JPEGImages</folder>
	<filename>19.jpg</filename>
	<path>G:\火焰已标注数据集500张\JPEGImages\19.jpg</path>
	<source>
		<database>Unknown</database>
	</source>
	<size>
		<width>297</width>
		<height>170</height>
		<depth>3</depth>
	</size>
	<segmented>0</segmented>
	<object>
		<name>fire</name>
		<pose>Unspecified</pose>
		<truncated>0</truncated>
		<difficult>0</difficult>
		<bndbox>
			<xmin>142</xmin>
			<ymin>67</ymin>
			<xmax>176</xmax>
			<ymax>84</ymax>
		</bndbox>
	</object>
</annotation>
