<annotation>
	<folder>JPEGImages</folder>
	<filename>20.jpg</filename>
	<path>G:\火焰已标注数据集500张\JPEGImages\20.jpg</path>
	<source>
		<database>Unknown</database>
	</source>
	<size>
		<width>259</width>
		<height>194</height>
		<depth>3</depth>
	</size>
	<segmented>0</segmented>
	<object>
		<name>fire</name>
		<pose>Unspecified</pose>
		<truncated>0</truncated>
		<difficult>0</difficult>
		<bndbox>
			<xmin>119</xmin>
			<ymin>95</ymin>
			<xmax>135</xmax>
			<ymax>111</ymax>
		</bndbox>
	</object>
	<object>
		<name>fire</name>
		<pose>Unspecified</pose>
		<truncated>0</truncated>
		<difficult>0</difficult>
		<bndbox>
			<xmin>114</xmin>
			<ymin>154</ymin>
			<xmax>129</xmax>
			<ymax>160</ymax>
		</bndbox>
	</object>
</annotation>
