<annotation>
	<folder>JPEGImages</folder>
	<filename>200.jpg</filename>
	<path>G:\火焰已标注数据集500张\JPEGImages\200.jpg</path>
	<source>
		<database>Unknown</database>
	</source>
	<size>
		<width>300</width>
		<height>168</height>
		<depth>3</depth>
	</size>
	<segmented>0</segmented>
	<object>
		<name>fire</name>
		<pose>Unspecified</pose>
		<truncated>0</truncated>
		<difficult>0</difficult>
		<bndbox>
			<xmin>96</xmin>
			<ymin>41</ymin>
			<xmax>125</xmax>
			<ymax>55</ymax>
		</bndbox>
	</object>
	<object>
		<name>fire</name>
		<pose>Unspecified</pose>
		<truncated>0</truncated>
		<difficult>0</difficult>
		<bndbox>
			<xmin>89</xmin>
			<ymin>62</ymin>
			<xmax>112</xmax>
			<ymax>89</ymax>
		</bndbox>
	</object>
</annotation>
