<annotation>
	<folder>JPEGImages</folder>
	<filename>206.jpg</filename>
	<path>G:\火焰已标注数据集500张\JPEGImages\206.jpg</path>
	<source>
		<database>Unknown</database>
	</source>
	<size>
		<width>300</width>
		<height>168</height>
		<depth>3</depth>
	</size>
	<segmented>0</segmented>
	<object>
		<name>fire</name>
		<pose>Unspecified</pose>
		<truncated>0</truncated>
		<difficult>0</difficult>
		<bndbox>
			<xmin>120</xmin>
			<ymin>77</ymin>
			<xmax>156</xmax>
			<ymax>125</ymax>
		</bndbox>
	</object>
	<object>
		<name>fire</name>
		<pose>Unspecified</pose>
		<truncated>0</truncated>
		<difficult>0</difficult>
		<bndbox>
			<xmin>183</xmin>
			<ymin>118</ymin>
			<xmax>194</xmax>
			<ymax>125</ymax>
		</bndbox>
	</object>
</annotation>
