<annotation>
	<folder>JPEGImages</folder>
	<filename>213.jpg</filename>
	<path>G:\火焰已标注数据集500张\JPEGImages\213.jpg</path>
	<source>
		<database>Unknown</database>
	</source>
	<size>
		<width>283</width>
		<height>178</height>
		<depth>3</depth>
	</size>
	<segmented>0</segmented>
	<object>
		<name>fire</name>
		<pose>Unspecified</pose>
		<truncated>0</truncated>
		<difficult>0</difficult>
		<bndbox>
			<xmin>106</xmin>
			<ymin>38</ymin>
			<xmax>186</xmax>
			<ymax>112</ymax>
		</bndbox>
	</object>
</annotation>
