<annotation>
	<folder>JPEGImages</folder>
	<filename>214.jpg</filename>
	<path>G:\火焰已标注数据集500张\JPEGImages\214.jpg</path>
	<source>
		<database>Unknown</database>
	</source>
	<size>
		<width>299</width>
		<height>168</height>
		<depth>3</depth>
	</size>
	<segmented>0</segmented>
	<object>
		<name>fire</name>
		<pose>Unspecified</pose>
		<truncated>0</truncated>
		<difficult>0</difficult>
		<bndbox>
			<xmin>108</xmin>
			<ymin>85</ymin>
			<xmax>182</xmax>
			<ymax>129</ymax>
		</bndbox>
	</object>
</annotation>
