<annotation>
	<folder>JPEGImages</folder>
	<filename>216.jpg</filename>
	<path>G:\火焰已标注数据集500张\JPEGImages\216.jpg</path>
	<source>
		<database>Unknown</database>
	</source>
	<size>
		<width>259</width>
		<height>194</height>
		<depth>3</depth>
	</size>
	<segmented>0</segmented>
	<object>
		<name>fire</name>
		<pose>Unspecified</pose>
		<truncated>0</truncated>
		<difficult>0</difficult>
		<bndbox>
			<xmin>159</xmin>
			<ymin>61</ymin>
			<xmax>198</xmax>
			<ymax>114</ymax>
		</bndbox>
	</object>
	<object>
		<name>fire</name>
		<pose>Unspecified</pose>
		<truncated>0</truncated>
		<difficult>0</difficult>
		<bndbox>
			<xmin>121</xmin>
			<ymin>78</ymin>
			<xmax>143</xmax>
			<ymax>90</ymax>
		</bndbox>
	</object>
</annotation>
