<annotation>
	<folder>JPEGImages</folder>
	<filename>222.jpg</filename>
	<path>G:\火焰已标注数据集500张\JPEGImages\222.jpg</path>
	<source>
		<database>Unknown</database>
	</source>
	<size>
		<width>271</width>
		<height>186</height>
		<depth>3</depth>
	</size>
	<segmented>0</segmented>
	<object>
		<name>fire</name>
		<pose>Unspecified</pose>
		<truncated>0</truncated>
		<difficult>0</difficult>
		<bndbox>
			<xmin>54</xmin>
			<ymin>114</ymin>
			<xmax>101</xmax>
			<ymax>149</ymax>
		</bndbox>
	</object>
</annotation>
