<annotation>
	<folder>JPEGImages</folder>
	<filename>225.jpg</filename>
	<path>G:\火焰已标注数据集500张\JPEGImages\225.jpg</path>
	<source>
		<database>Unknown</database>
	</source>
	<size>
		<width>263</width>
		<height>192</height>
		<depth>3</depth>
	</size>
	<segmented>0</segmented>
	<object>
		<name>fire</name>
		<pose>Unspecified</pose>
		<truncated>0</truncated>
		<difficult>0</difficult>
		<bndbox>
			<xmin>125</xmin>
			<ymin>95</ymin>
			<xmax>157</xmax>
			<ymax>134</ymax>
		</bndbox>
	</object>
</annotation>
