<annotation>
	<folder>JPEGImages</folder>
	<filename>226.jpg</filename>
	<path>G:\火焰已标注数据集500张\JPEGImages\226.jpg</path>
	<source>
		<database>Unknown</database>
	</source>
	<size>
		<width>275</width>
		<height>183</height>
		<depth>3</depth>
	</size>
	<segmented>0</segmented>
	<object>
		<name>fire</name>
		<pose>Unspecified</pose>
		<truncated>0</truncated>
		<difficult>0</difficult>
		<bndbox>
			<xmin>128</xmin>
			<ymin>81</ymin>
			<xmax>165</xmax>
			<ymax>157</ymax>
		</bndbox>
	</object>
	<object>
		<name>fire</name>
		<pose>Unspecified</pose>
		<truncated>0</truncated>
		<difficult>0</difficult>
		<bndbox>
			<xmin>111</xmin>
			<ymin>153</ymin>
			<xmax>126</xmax>
			<ymax>159</ymax>
		</bndbox>
	</object>
</annotation>
