<annotation>
	<folder>JPEGImages</folder>
	<filename>230.jpg</filename>
	<path>G:\火焰已标注数据集500张\JPEGImages\230.jpg</path>
	<source>
		<database>Unknown</database>
	</source>
	<size>
		<width>275</width>
		<height>183</height>
		<depth>3</depth>
	</size>
	<segmented>0</segmented>
	<object>
		<name>fire</name>
		<pose>Unspecified</pose>
		<truncated>0</truncated>
		<difficult>0</difficult>
		<bndbox>
			<xmin>111</xmin>
			<ymin>44</ymin>
			<xmax>175</xmax>
			<ymax>84</ymax>
		</bndbox>
	</object>
</annotation>
