<annotation>
	<folder>JPEGImages</folder>
	<filename>232.jpg</filename>
	<path>G:\火焰已标注数据集500张\JPEGImages\232.jpg</path>
	<source>
		<database>Unknown</database>
	</source>
	<size>
		<width>260</width>
		<height>188</height>
		<depth>3</depth>
	</size>
	<segmented>0</segmented>
	<object>
		<name>fire</name>
		<pose>Unspecified</pose>
		<truncated>0</truncated>
		<difficult>0</difficult>
		<bndbox>
			<xmin>44</xmin>
			<ymin>53</ymin>
			<xmax>223</xmax>
			<ymax>124</ymax>
		</bndbox>
	</object>
</annotation>
