<annotation>
	<folder>JPEGImages</folder>
	<filename>237.jpg</filename>
	<path>G:\火焰已标注数据集500张\JPEGImages\237.jpg</path>
	<source>
		<database>Unknown</database>
	</source>
	<size>
		<width>183</width>
		<height>275</height>
		<depth>3</depth>
	</size>
	<segmented>0</segmented>
	<object>
		<name>fire</name>
		<pose>Unspecified</pose>
		<truncated>0</truncated>
		<difficult>0</difficult>
		<bndbox>
			<xmin>65</xmin>
			<ymin>166</ymin>
			<xmax>136</xmax>
			<ymax>244</ymax>
		</bndbox>
	</object>
</annotation>
