<annotation>
	<folder>JPEGImages</folder>
	<filename>24.jpg</filename>
	<path>G:\火焰已标注数据集500张\JPEGImages\24.jpg</path>
	<source>
		<database>Unknown</database>
	</source>
	<size>
		<width>259</width>
		<height>194</height>
		<depth>3</depth>
	</size>
	<segmented>0</segmented>
	<object>
		<name>fire</name>
		<pose>Unspecified</pose>
		<truncated>0</truncated>
		<difficult>0</difficult>
		<bndbox>
			<xmin>59</xmin>
			<ymin>32</ymin>
			<xmax>161</xmax>
			<ymax>111</ymax>
		</bndbox>
	</object>
	<object>
		<name>fire</name>
		<pose>Unspecified</pose>
		<truncated>0</truncated>
		<difficult>0</difficult>
		<bndbox>
			<xmin>119</xmin>
			<ymin>121</ymin>
			<xmax>147</xmax>
			<ymax>151</ymax>
		</bndbox>
	</object>
</annotation>
