<annotation>
	<folder>JPEGImages</folder>
	<filename>240.jpg</filename>
	<path>G:\火焰已标注数据集500张\JPEGImages\240.jpg</path>
	<source>
		<database>Unknown</database>
	</source>
	<size>
		<width>225</width>
		<height>225</height>
		<depth>3</depth>
	</size>
	<segmented>0</segmented>
	<object>
		<name>fire</name>
		<pose>Unspecified</pose>
		<truncated>0</truncated>
		<difficult>0</difficult>
		<bndbox>
			<xmin>53</xmin>
			<ymin>62</ymin>
			<xmax>205</xmax>
			<ymax>97</ymax>
		</bndbox>
	</object>
	<object>
		<name>fire</name>
		<pose>Unspecified</pose>
		<truncated>0</truncated>
		<difficult>0</difficult>
		<bndbox>
			<xmin>88</xmin>
			<ymin>174</ymin>
			<xmax>169</xmax>
			<ymax>189</ymax>
		</bndbox>
	</object>
</annotation>
