<annotation>
	<folder>JPEGImages</folder>
	<filename>241.jpg</filename>
	<path>G:\火焰已标注数据集500张\JPEGImages\241.jpg</path>
	<source>
		<database>Unknown</database>
	</source>
	<size>
		<width>300</width>
		<height>168</height>
		<depth>3</depth>
	</size>
	<segmented>0</segmented>
	<object>
		<name>fire</name>
		<pose>Unspecified</pose>
		<truncated>0</truncated>
		<difficult>0</difficult>
		<bndbox>
			<xmin>203</xmin>
			<ymin>96</ymin>
			<xmax>240</xmax>
			<ymax>118</ymax>
		</bndbox>
	</object>
	<object>
		<name>fire</name>
		<pose>Unspecified</pose>
		<truncated>0</truncated>
		<difficult>0</difficult>
		<bndbox>
			<xmin>54</xmin>
			<ymin>95</ymin>
			<xmax>99</xmax>
			<ymax>127</ymax>
		</bndbox>
	</object>
</annotation>
