<annotation>
	<folder>JPEGImages</folder>
	<filename>242.jpg</filename>
	<path>G:\火焰已标注数据集500张\JPEGImages\242.jpg</path>
	<source>
		<database>Unknown</database>
	</source>
	<size>
		<width>241</width>
		<height>209</height>
		<depth>3</depth>
	</size>
	<segmented>0</segmented>
	<object>
		<name>fire</name>
		<pose>Unspecified</pose>
		<truncated>0</truncated>
		<difficult>0</difficult>
		<bndbox>
			<xmin>72</xmin>
			<ymin>68</ymin>
			<xmax>113</xmax>
			<ymax>105</ymax>
		</bndbox>
	</object>
	<object>
		<name>fire</name>
		<pose>Unspecified</pose>
		<truncated>0</truncated>
		<difficult>0</difficult>
		<bndbox>
			<xmin>33</xmin>
			<ymin>125</ymin>
			<xmax>43</xmax>
			<ymax>135</ymax>
		</bndbox>
	</object>
</annotation>
