<annotation>
	<folder>JPEGImages</folder>
	<filename>245.jpg</filename>
	<path>G:\火焰已标注数据集500张\JPEGImages\245.jpg</path>
	<source>
		<database>Unknown</database>
	</source>
	<size>
		<width>262</width>
		<height>192</height>
		<depth>3</depth>
	</size>
	<segmented>0</segmented>
	<object>
		<name>fire</name>
		<pose>Unspecified</pose>
		<truncated>0</truncated>
		<difficult>0</difficult>
		<bndbox>
			<xmin>91</xmin>
			<ymin>12</ymin>
			<xmax>173</xmax>
			<ymax>77</ymax>
		</bndbox>
	</object>
</annotation>
