<annotation>
	<folder>JPEGImages</folder>
	<filename>246.jpg</filename>
	<path>G:\火焰已标注数据集500张\JPEGImages\246.jpg</path>
	<source>
		<database>Unknown</database>
	</source>
	<size>
		<width>300</width>
		<height>168</height>
		<depth>3</depth>
	</size>
	<segmented>0</segmented>
	<object>
		<name>fire</name>
		<pose>Unspecified</pose>
		<truncated>0</truncated>
		<difficult>0</difficult>
		<bndbox>
			<xmin>226</xmin>
			<ymin>23</ymin>
			<xmax>265</xmax>
			<ymax>62</ymax>
		</bndbox>
	</object>
	<object>
		<name>fire</name>
		<pose>Unspecified</pose>
		<truncated>0</truncated>
		<difficult>0</difficult>
		<bndbox>
			<xmin>25</xmin>
			<ymin>94</ymin>
			<xmax>97</xmax>
			<ymax>139</ymax>
		</bndbox>
	</object>
</annotation>
