<annotation>
	<folder>JPEGImages</folder>
	<filename>247.jpg</filename>
	<path>G:\火焰已标注数据集500张\JPEGImages\247.jpg</path>
	<source>
		<database>Unknown</database>
	</source>
	<size>
		<width>275</width>
		<height>183</height>
		<depth>3</depth>
	</size>
	<segmented>0</segmented>
	<object>
		<name>fire</name>
		<pose>Unspecified</pose>
		<truncated>0</truncated>
		<difficult>0</difficult>
		<bndbox>
			<xmin>112</xmin>
			<ymin>7</ymin>
			<xmax>223</xmax>
			<ymax>111</ymax>
		</bndbox>
	</object>
	<object>
		<name>fire</name>
		<pose>Unspecified</pose>
		<truncated>0</truncated>
		<difficult>0</difficult>
		<bndbox>
			<xmin>208</xmin>
			<ymin>147</ymin>
			<xmax>250</xmax>
			<ymax>161</ymax>
		</bndbox>
	</object>
</annotation>
