<annotation>
	<folder>JPEGImages</folder>
	<filename>251.jpg</filename>
	<path>G:\火焰已标注数据集500张\JPEGImages\251.jpg</path>
	<source>
		<database>Unknown</database>
	</source>
	<size>
		<width>212</width>
		<height>238</height>
		<depth>3</depth>
	</size>
	<segmented>0</segmented>
	<object>
		<name>fire</name>
		<pose>Unspecified</pose>
		<truncated>0</truncated>
		<difficult>0</difficult>
		<bndbox>
			<xmin>76</xmin>
			<ymin>8</ymin>
			<xmax>156</xmax>
			<ymax>187</ymax>
		</bndbox>
	</object>
</annotation>
