<annotation>
	<folder>JPEGImages</folder>
	<filename>263.jpg</filename>
	<path>G:\火焰已标注数据集500张\JPEGImages\263.jpg</path>
	<source>
		<database>Unknown</database>
	</source>
	<size>
		<width>201</width>
		<height>250</height>
		<depth>3</depth>
	</size>
	<segmented>0</segmented>
	<object>
		<name>fire</name>
		<pose>Unspecified</pose>
		<truncated>0</truncated>
		<difficult>0</difficult>
		<bndbox>
			<xmin>42</xmin>
			<ymin>113</ymin>
			<xmax>102</xmax>
			<ymax>211</ymax>
		</bndbox>
	</object>
</annotation>
