<annotation>
	<folder>JPEGImages</folder>
	<filename>266.jpg</filename>
	<path>G:\火焰已标注数据集500张\JPEGImages\266.jpg</path>
	<source>
		<database>Unknown</database>
	</source>
	<size>
		<width>304</width>
		<height>166</height>
		<depth>3</depth>
	</size>
	<segmented>0</segmented>
	<object>
		<name>fire</name>
		<pose>Unspecified</pose>
		<truncated>0</truncated>
		<difficult>0</difficult>
		<bndbox>
			<xmin>110</xmin>
			<ymin>4</ymin>
			<xmax>251</xmax>
			<ymax>83</ymax>
		</bndbox>
	</object>
</annotation>
