<annotation>
	<folder>JPEGImages</folder>
	<filename>268.jpg</filename>
	<path>G:\火焰已标注数据集500张\JPEGImages\268.jpg</path>
	<source>
		<database>Unknown</database>
	</source>
	<size>
		<width>306</width>
		<height>165</height>
		<depth>3</depth>
	</size>
	<segmented>0</segmented>
	<object>
		<name>fire</name>
		<pose>Unspecified</pose>
		<truncated>1</truncated>
		<difficult>0</difficult>
		<bndbox>
			<xmin>160</xmin>
			<ymin>1</ymin>
			<xmax>248</xmax>
			<ymax>111</ymax>
		</bndbox>
	</object>
	<object>
		<name>fire</name>
		<pose>Unspecified</pose>
		<truncated>1</truncated>
		<difficult>0</difficult>
		<bndbox>
			<xmin>3</xmin>
			<ymin>1</ymin>
			<xmax>84</xmax>
			<ymax>77</ymax>
		</bndbox>
	</object>
</annotation>
