<annotation>
	<folder>JPEGImages</folder>
	<filename>273.jpg</filename>
	<path>G:\火焰已标注数据集500张\JPEGImages\273.jpg</path>
	<source>
		<database>Unknown</database>
	</source>
	<size>
		<width>300</width>
		<height>168</height>
		<depth>3</depth>
	</size>
	<segmented>0</segmented>
	<object>
		<name>fire</name>
		<pose>Unspecified</pose>
		<truncated>0</truncated>
		<difficult>0</difficult>
		<bndbox>
			<xmin>134</xmin>
			<ymin>87</ymin>
			<xmax>152</xmax>
			<ymax>98</ymax>
		</bndbox>
	</object>
</annotation>
