<annotation>
	<folder>JPEGImages</folder>
	<filename>277.jpg</filename>
	<path>G:\火焰已标注数据集500张\JPEGImages\277.jpg</path>
	<source>
		<database>Unknown</database>
	</source>
	<size>
		<width>259</width>
		<height>194</height>
		<depth>3</depth>
	</size>
	<segmented>0</segmented>
	<object>
		<name>fire</name>
		<pose>Unspecified</pose>
		<truncated>0</truncated>
		<difficult>0</difficult>
		<bndbox>
			<xmin>73</xmin>
			<ymin>39</ymin>
			<xmax>130</xmax>
			<ymax>109</ymax>
		</bndbox>
	</object>
</annotation>
