<annotation>
	<folder>JPEGImages</folder>
	<filename>288.jpg</filename>
	<path>G:\火焰已标注数据集500张\JPEGImages\288.jpg</path>
	<source>
		<database>Unknown</database>
	</source>
	<size>
		<width>275</width>
		<height>183</height>
		<depth>3</depth>
	</size>
	<segmented>0</segmented>
	<object>
		<name>fire</name>
		<pose>Unspecified</pose>
		<truncated>0</truncated>
		<difficult>0</difficult>
		<bndbox>
			<xmin>98</xmin>
			<ymin>55</ymin>
			<xmax>163</xmax>
			<ymax>106</ymax>
		</bndbox>
	</object>
	<object>
		<name>fire</name>
		<pose>Unspecified</pose>
		<truncated>0</truncated>
		<difficult>0</difficult>
		<bndbox>
			<xmin>195</xmin>
			<ymin>89</ymin>
			<xmax>224</xmax>
			<ymax>102</ymax>
		</bndbox>
	</object>
	<object>
		<name>fire</name>
		<pose>Unspecified</pose>
		<truncated>0</truncated>
		<difficult>0</difficult>
		<bndbox>
			<xmin>170</xmin>
			<ymin>96</ymin>
			<xmax>192</xmax>
			<ymax>105</ymax>
		</bndbox>
	</object>
</annotation>
