<annotation>
	<folder>JPEGImages</folder>
	<filename>296.jpg</filename>
	<path>G:\火焰已标注数据集500张\JPEGImages\296.jpg</path>
	<source>
		<database>Unknown</database>
	</source>
	<size>
		<width>275</width>
		<height>183</height>
		<depth>3</depth>
	</size>
	<segmented>0</segmented>
	<object>
		<name>fire</name>
		<pose>Unspecified</pose>
		<truncated>1</truncated>
		<difficult>0</difficult>
		<bndbox>
			<xmin>109</xmin>
			<ymin>1</ymin>
			<xmax>275</xmax>
			<ymax>144</ymax>
		</bndbox>
	</object>
	<object>
		<name>fire</name>
		<pose>Unspecified</pose>
		<truncated>0</truncated>
		<difficult>0</difficult>
		<bndbox>
			<xmin>62</xmin>
			<ymin>8</ymin>
			<xmax>96</xmax>
			<ymax>52</ymax>
		</bndbox>
	</object>
</annotation>
