<annotation>
	<folder>JPEGImages</folder>
	<filename>30.jpg</filename>
	<path>G:\火焰已标注数据集500张\JPEGImages\30.jpg</path>
	<source>
		<database>Unknown</database>
	</source>
	<size>
		<width>299</width>
		<height>168</height>
		<depth>3</depth>
	</size>
	<segmented>0</segmented>
	<object>
		<name>fire</name>
		<pose>Unspecified</pose>
		<truncated>0</truncated>
		<difficult>0</difficult>
		<bndbox>
			<xmin>108</xmin>
			<ymin>47</ymin>
			<xmax>159</xmax>
			<ymax>85</ymax>
		</bndbox>
	</object>
</annotation>
