<annotation>
	<folder>JPEGImages</folder>
	<filename>302.jpg</filename>
	<path>G:\火焰已标注数据集500张\JPEGImages\302.jpg</path>
	<source>
		<database>Unknown</database>
	</source>
	<size>
		<width>259</width>
		<height>194</height>
		<depth>3</depth>
	</size>
	<segmented>0</segmented>
	<object>
		<name>fire</name>
		<pose>Unspecified</pose>
		<truncated>0</truncated>
		<difficult>0</difficult>
		<bndbox>
			<xmin>31</xmin>
			<ymin>43</ymin>
			<xmax>144</xmax>
			<ymax>100</ymax>
		</bndbox>
	</object>
	<object>
		<name>fire</name>
		<pose>Unspecified</pose>
		<truncated>0</truncated>
		<difficult>0</difficult>
		<bndbox>
			<xmin>46</xmin>
			<ymin>104</ymin>
			<xmax>98</xmax>
			<ymax>129</ymax>
		</bndbox>
	</object>
</annotation>
