<annotation>
	<folder>JPEGImages</folder>
	<filename>306.jpg</filename>
	<path>G:\火焰已标注数据集500张\JPEGImages\306.jpg</path>
	<source>
		<database>Unknown</database>
	</source>
	<size>
		<width>300</width>
		<height>168</height>
		<depth>3</depth>
	</size>
	<segmented>0</segmented>
	<object>
		<name>fire</name>
		<pose>Unspecified</pose>
		<truncated>1</truncated>
		<difficult>0</difficult>
		<bndbox>
			<xmin>31</xmin>
			<ymin>1</ymin>
			<xmax>177</xmax>
			<ymax>64</ymax>
		</bndbox>
	</object>
	<object>
		<name>fire</name>
		<pose>Unspecified</pose>
		<truncated>0</truncated>
		<difficult>0</difficult>
		<bndbox>
			<xmin>24</xmin>
			<ymin>94</ymin>
			<xmax>67</xmax>
			<ymax>131</ymax>
		</bndbox>
	</object>
</annotation>
