<annotation>
	<folder>JPEGImages</folder>
	<filename>307.jpg</filename>
	<path>G:\火焰已标注数据集500张\JPEGImages\307.jpg</path>
	<source>
		<database>Unknown</database>
	</source>
	<size>
		<width>263</width>
		<height>191</height>
		<depth>3</depth>
	</size>
	<segmented>0</segmented>
	<object>
		<name>fire</name>
		<pose>Unspecified</pose>
		<truncated>0</truncated>
		<difficult>0</difficult>
		<bndbox>
			<xmin>48</xmin>
			<ymin>14</ymin>
			<xmax>101</xmax>
			<ymax>103</ymax>
		</bndbox>
	</object>
</annotation>
