<annotation>
	<folder>JPEGImages</folder>
	<filename>316.jpg</filename>
	<path>G:\火焰已标注数据集500张\JPEGImages\316.jpg</path>
	<source>
		<database>Unknown</database>
	</source>
	<size>
		<width>245</width>
		<height>206</height>
		<depth>3</depth>
	</size>
	<segmented>0</segmented>
	<object>
		<name>fire</name>
		<pose>Unspecified</pose>
		<truncated>0</truncated>
		<difficult>0</difficult>
		<bndbox>
			<xmin>123</xmin>
			<ymin>5</ymin>
			<xmax>156</xmax>
			<ymax>99</ymax>
		</bndbox>
	</object>
	<object>
		<name>fire</name>
		<pose>Unspecified</pose>
		<truncated>0</truncated>
		<difficult>0</difficult>
		<bndbox>
			<xmin>168</xmin>
			<ymin>48</ymin>
			<xmax>205</xmax>
			<ymax>90</ymax>
		</bndbox>
	</object>
</annotation>
