<annotation>
	<folder>JPEGImages</folder>
	<filename>319.jpg</filename>
	<path>G:\火焰已标注数据集500张\JPEGImages\319.jpg</path>
	<source>
		<database>Unknown</database>
	</source>
	<size>
		<width>275</width>
		<height>183</height>
		<depth>3</depth>
	</size>
	<segmented>0</segmented>
	<object>
		<name>fire</name>
		<pose>Unspecified</pose>
		<truncated>1</truncated>
		<difficult>0</difficult>
		<bndbox>
			<xmin>62</xmin>
			<ymin>1</ymin>
			<xmax>188</xmax>
			<ymax>137</ymax>
		</bndbox>
	</object>
	<object>
		<name>fire</name>
		<pose>Unspecified</pose>
		<truncated>0</truncated>
		<difficult>0</difficult>
		<bndbox>
			<xmin>91</xmin>
			<ymin>140</ymin>
			<xmax>121</xmax>
			<ymax>158</ymax>
		</bndbox>
	</object>
</annotation>
