<annotation>
	<folder>JPEGImages</folder>
	<filename>328.jpg</filename>
	<path>G:\火焰已标注数据集500张\JPEGImages\328.jpg</path>
	<source>
		<database>Unknown</database>
	</source>
	<size>
		<width>237</width>
		<height>212</height>
		<depth>3</depth>
	</size>
	<segmented>0</segmented>
	<object>
		<name>fire</name>
		<pose>Unspecified</pose>
		<truncated>0</truncated>
		<difficult>0</difficult>
		<bndbox>
			<xmin>69</xmin>
			<ymin>5</ymin>
			<xmax>151</xmax>
			<ymax>157</ymax>
		</bndbox>
	</object>
</annotation>
