<annotation>
	<folder>JPEGImages</folder>
	<filename>329.jpg</filename>
	<path>G:\火焰已标注数据集500张\JPEGImages\329.jpg</path>
	<source>
		<database>Unknown</database>
	</source>
	<size>
		<width>240</width>
		<height>135</height>
		<depth>3</depth>
	</size>
	<segmented>0</segmented>
	<object>
		<name>fire</name>
		<pose>Unspecified</pose>
		<truncated>0</truncated>
		<difficult>0</difficult>
		<bndbox>
			<xmin>78</xmin>
			<ymin>29</ymin>
			<xmax>220</xmax>
			<ymax>112</ymax>
		</bndbox>
	</object>
</annotation>
