<annotation>
	<folder>JPEGImages</folder>
	<filename>332.jpg</filename>
	<path>G:\火焰已标注数据集500张\JPEGImages\332.jpg</path>
	<source>
		<database>Unknown</database>
	</source>
	<size>
		<width>300</width>
		<height>168</height>
		<depth>3</depth>
	</size>
	<segmented>0</segmented>
	<object>
		<name>fire</name>
		<pose>Unspecified</pose>
		<truncated>0</truncated>
		<difficult>0</difficult>
		<bndbox>
			<xmin>115</xmin>
			<ymin>52</ymin>
			<xmax>215</xmax>
			<ymax>142</ymax>
		</bndbox>
	</object>
	<object>
		<name>fire</name>
		<pose>Unspecified</pose>
		<truncated>0</truncated>
		<difficult>0</difficult>
		<bndbox>
			<xmin>181</xmin>
			<ymin>143</ymin>
			<xmax>219</xmax>
			<ymax>158</ymax>
		</bndbox>
	</object>
</annotation>
