<annotation>
	<folder>JPEGImages</folder>
	<filename>337.jpg</filename>
	<path>G:\火焰已标注数据集500张\JPEGImages\337.jpg</path>
	<source>
		<database>Unknown</database>
	</source>
	<size>
		<width>168</width>
		<height>300</height>
		<depth>3</depth>
	</size>
	<segmented>0</segmented>
	<object>
		<name>fire</name>
		<pose>Unspecified</pose>
		<truncated>0</truncated>
		<difficult>0</difficult>
		<bndbox>
			<xmin>86</xmin>
			<ymin>118</ymin>
			<xmax>104</xmax>
			<ymax>136</ymax>
		</bndbox>
	</object>
</annotation>
