<annotation>
	<folder>JPEGImages</folder>
	<filename>34.jpg</filename>
	<path>G:\火焰已标注数据集500张\JPEGImages\34.jpg</path>
	<source>
		<database>Unknown</database>
	</source>
	<size>
		<width>291</width>
		<height>173</height>
		<depth>3</depth>
	</size>
	<segmented>0</segmented>
	<object>
		<name>fire</name>
		<pose>Unspecified</pose>
		<truncated>0</truncated>
		<difficult>0</difficult>
		<bndbox>
			<xmin>97</xmin>
			<ymin>77</ymin>
			<xmax>175</xmax>
			<ymax>148</ymax>
		</bndbox>
	</object>
</annotation>
