<annotation>
	<folder>JPEGImages</folder>
	<filename>341.jpg</filename>
	<path>G:\火焰已标注数据集500张\JPEGImages\341.jpg</path>
	<source>
		<database>Unknown</database>
	</source>
	<size>
		<width>259</width>
		<height>194</height>
		<depth>3</depth>
	</size>
	<segmented>0</segmented>
	<object>
		<name>fire</name>
		<pose>Unspecified</pose>
		<truncated>0</truncated>
		<difficult>0</difficult>
		<bndbox>
			<xmin>132</xmin>
			<ymin>98</ymin>
			<xmax>211</xmax>
			<ymax>179</ymax>
		</bndbox>
	</object>
	<object>
		<name>fire</name>
		<pose>Unspecified</pose>
		<truncated>0</truncated>
		<difficult>0</difficult>
		<bndbox>
			<xmin>90</xmin>
			<ymin>147</ymin>
			<xmax>118</xmax>
			<ymax>165</ymax>
		</bndbox>
	</object>
</annotation>
