<annotation>
	<folder>JPEGImages</folder>
	<filename>345.jpg</filename>
	<path>G:\火焰已标注数据集500张\JPEGImages\345.jpg</path>
	<source>
		<database>Unknown</database>
	</source>
	<size>
		<width>275</width>
		<height>183</height>
		<depth>3</depth>
	</size>
	<segmented>0</segmented>
	<object>
		<name>fire</name>
		<pose>Unspecified</pose>
		<truncated>0</truncated>
		<difficult>0</difficult>
		<bndbox>
			<xmin>63</xmin>
			<ymin>46</ymin>
			<xmax>111</xmax>
			<ymax>81</ymax>
		</bndbox>
	</object>
	<object>
		<name>fire</name>
		<pose>Unspecified</pose>
		<truncated>0</truncated>
		<difficult>0</difficult>
		<bndbox>
			<xmin>107</xmin>
			<ymin>91</ymin>
			<xmax>123</xmax>
			<ymax>113</ymax>
		</bndbox>
	</object>
</annotation>
