<annotation>
	<folder>JPEGImages</folder>
	<filename>350.jpg</filename>
	<path>G:\火焰已标注数据集500张\JPEGImages\350.jpg</path>
	<source>
		<database>Unknown</database>
	</source>
	<size>
		<width>288</width>
		<height>175</height>
		<depth>3</depth>
	</size>
	<segmented>0</segmented>
	<object>
		<name>fire</name>
		<pose>Unspecified</pose>
		<truncated>0</truncated>
		<difficult>0</difficult>
		<bndbox>
			<xmin>105</xmin>
			<ymin>13</ymin>
			<xmax>230</xmax>
			<ymax>80</ymax>
		</bndbox>
	</object>
	<object>
		<name>fire</name>
		<pose>Unspecified</pose>
		<truncated>0</truncated>
		<difficult>0</difficult>
		<bndbox>
			<xmin>226</xmin>
			<ymin>105</ymin>
			<xmax>241</xmax>
			<ymax>118</ymax>
		</bndbox>
	</object>
</annotation>
