<annotation>
	<folder>JPEGImages</folder>
	<filename>356.jpg</filename>
	<path>G:\火焰已标注数据集500张\JPEGImages\356.jpg</path>
	<source>
		<database>Unknown</database>
	</source>
	<size>
		<width>243</width>
		<height>208</height>
		<depth>3</depth>
	</size>
	<segmented>0</segmented>
	<object>
		<name>fire</name>
		<pose>Unspecified</pose>
		<truncated>0</truncated>
		<difficult>0</difficult>
		<bndbox>
			<xmin>43</xmin>
			<ymin>139</ymin>
			<xmax>95</xmax>
			<ymax>168</ymax>
		</bndbox>
	</object>
</annotation>
