<annotation>
	<folder>JPEGImages</folder>
	<filename>357.jpg</filename>
	<path>G:\火焰已标注数据集500张\JPEGImages\357.jpg</path>
	<source>
		<database>Unknown</database>
	</source>
	<size>
		<width>225</width>
		<height>225</height>
		<depth>3</depth>
	</size>
	<segmented>0</segmented>
	<object>
		<name>fire</name>
		<pose>Unspecified</pose>
		<truncated>0</truncated>
		<difficult>0</difficult>
		<bndbox>
			<xmin>113</xmin>
			<ymin>3</ymin>
			<xmax>224</xmax>
			<ymax>158</ymax>
		</bndbox>
	</object>
</annotation>
