<annotation>
	<folder>JPEGImages</folder>
	<filename>361.jpg</filename>
	<path>G:\火焰已标注数据集500张\JPEGImages\361.jpg</path>
	<source>
		<database>Unknown</database>
	</source>
	<size>
		<width>271</width>
		<height>186</height>
		<depth>3</depth>
	</size>
	<segmented>0</segmented>
	<object>
		<name>fire</name>
		<pose>Unspecified</pose>
		<truncated>0</truncated>
		<difficult>0</difficult>
		<bndbox>
			<xmin>37</xmin>
			<ymin>45</ymin>
			<xmax>58</xmax>
			<ymax>139</ymax>
		</bndbox>
	</object>
	<object>
		<name>fire</name>
		<pose>Unspecified</pose>
		<truncated>0</truncated>
		<difficult>0</difficult>
		<bndbox>
			<xmin>81</xmin>
			<ymin>106</ymin>
			<xmax>163</xmax>
			<ymax>172</ymax>
		</bndbox>
	</object>
</annotation>
