<annotation>
	<folder>JPEGImages</folder>
	<filename>363.jpg</filename>
	<path>G:\火焰已标注数据集500张\JPEGImages\363.jpg</path>
	<source>
		<database>Unknown</database>
	</source>
	<size>
		<width>194</width>
		<height>259</height>
		<depth>3</depth>
	</size>
	<segmented>0</segmented>
	<object>
		<name>fire</name>
		<pose>Unspecified</pose>
		<truncated>0</truncated>
		<difficult>0</difficult>
		<bndbox>
			<xmin>92</xmin>
			<ymin>86</ymin>
			<xmax>144</xmax>
			<ymax>151</ymax>
		</bndbox>
	</object>
	<object>
		<name>fire</name>
		<pose>Unspecified</pose>
		<truncated>0</truncated>
		<difficult>0</difficult>
		<bndbox>
			<xmin>77</xmin>
			<ymin>139</ymin>
			<xmax>91</xmax>
			<ymax>147</ymax>
		</bndbox>
	</object>
</annotation>
