<annotation>
	<folder>JPEGImages</folder>
	<filename>364.jpg</filename>
	<path>G:\火焰已标注数据集500张\JPEGImages\364.jpg</path>
	<source>
		<database>Unknown</database>
	</source>
	<size>
		<width>276</width>
		<height>183</height>
		<depth>3</depth>
	</size>
	<segmented>0</segmented>
	<object>
		<name>fire</name>
		<pose>Unspecified</pose>
		<truncated>0</truncated>
		<difficult>0</difficult>
		<bndbox>
			<xmin>108</xmin>
			<ymin>3</ymin>
			<xmax>204</xmax>
			<ymax>98</ymax>
		</bndbox>
	</object>
	<object>
		<name>fire</name>
		<pose>Unspecified</pose>
		<truncated>0</truncated>
		<difficult>0</difficult>
		<bndbox>
			<xmin>114</xmin>
			<ymin>141</ymin>
			<xmax>135</xmax>
			<ymax>154</ymax>
		</bndbox>
	</object>
</annotation>
