<annotation>
	<folder>JPEGImages</folder>
	<filename>368.jpg</filename>
	<path>G:\火焰已标注数据集500张\JPEGImages\368.jpg</path>
	<source>
		<database>Unknown</database>
	</source>
	<size>
		<width>271</width>
		<height>186</height>
		<depth>3</depth>
	</size>
	<segmented>0</segmented>
	<object>
		<name>fire</name>
		<pose>Unspecified</pose>
		<truncated>0</truncated>
		<difficult>0</difficult>
		<bndbox>
			<xmin>76</xmin>
			<ymin>53</ymin>
			<xmax>172</xmax>
			<ymax>131</ymax>
		</bndbox>
	</object>
	<object>
		<name>fire</name>
		<pose>Unspecified</pose>
		<truncated>0</truncated>
		<difficult>0</difficult>
		<bndbox>
			<xmin>197</xmin>
			<ymin>50</ymin>
			<xmax>223</xmax>
			<ymax>89</ymax>
		</bndbox>
	</object>
</annotation>
