<annotation>
	<folder>JPEGImages</folder>
	<filename>370.jpg</filename>
	<path>G:\火焰已标注数据集500张\JPEGImages\370.jpg</path>
	<source>
		<database>Unknown</database>
	</source>
	<size>
		<width>202</width>
		<height>249</height>
		<depth>3</depth>
	</size>
	<segmented>0</segmented>
	<object>
		<name>fire</name>
		<pose>Unspecified</pose>
		<truncated>0</truncated>
		<difficult>0</difficult>
		<bndbox>
			<xmin>57</xmin>
			<ymin>124</ymin>
			<xmax>93</xmax>
			<ymax>183</ymax>
		</bndbox>
	</object>
</annotation>
