<annotation>
	<folder>JPEGImages</folder>
	<filename>371.jpg</filename>
	<path>G:\火焰已标注数据集500张\JPEGImages\371.jpg</path>
	<source>
		<database>Unknown</database>
	</source>
	<size>
		<width>300</width>
		<height>168</height>
		<depth>3</depth>
	</size>
	<segmented>0</segmented>
	<object>
		<name>fire</name>
		<pose>Unspecified</pose>
		<truncated>0</truncated>
		<difficult>0</difficult>
		<bndbox>
			<xmin>161</xmin>
			<ymin>41</ymin>
			<xmax>190</xmax>
			<ymax>82</ymax>
		</bndbox>
	</object>
	<object>
		<name>fire</name>
		<pose>Unspecified</pose>
		<truncated>0</truncated>
		<difficult>0</difficult>
		<bndbox>
			<xmin>129</xmin>
			<ymin>72</ymin>
			<xmax>154</xmax>
			<ymax>92</ymax>
		</bndbox>
	</object>
</annotation>
