<annotation>
	<folder>JPEGImages</folder>
	<filename>373.jpg</filename>
	<path>G:\火焰已标注数据集500张\JPEGImages\373.jpg</path>
	<source>
		<database>Unknown</database>
	</source>
	<size>
		<width>231</width>
		<height>218</height>
		<depth>3</depth>
	</size>
	<segmented>0</segmented>
	<object>
		<name>fire</name>
		<pose>Unspecified</pose>
		<truncated>0</truncated>
		<difficult>0</difficult>
		<bndbox>
			<xmin>73</xmin>
			<ymin>28</ymin>
			<xmax>145</xmax>
			<ymax>110</ymax>
		</bndbox>
	</object>
	<object>
		<name>fire</name>
		<pose>Unspecified</pose>
		<truncated>0</truncated>
		<difficult>0</difficult>
		<bndbox>
			<xmin>100</xmin>
			<ymin>116</ymin>
			<xmax>137</xmax>
			<ymax>185</ymax>
		</bndbox>
	</object>
</annotation>
