<annotation>
	<folder>JPEGImages</folder>
	<filename>374.jpg</filename>
	<path>G:\火焰已标注数据集500张\JPEGImages\374.jpg</path>
	<source>
		<database>Unknown</database>
	</source>
	<size>
		<width>259</width>
		<height>194</height>
		<depth>3</depth>
	</size>
	<segmented>0</segmented>
	<object>
		<name>fire</name>
		<pose>Unspecified</pose>
		<truncated>0</truncated>
		<difficult>0</difficult>
		<bndbox>
			<xmin>78</xmin>
			<ymin>64</ymin>
			<xmax>156</xmax>
			<ymax>139</ymax>
		</bndbox>
	</object>
	<object>
		<name>fire</name>
		<pose>Unspecified</pose>
		<truncated>0</truncated>
		<difficult>0</difficult>
		<bndbox>
			<xmin>108</xmin>
			<ymin>43</ymin>
			<xmax>117</xmax>
			<ymax>51</ymax>
		</bndbox>
	</object>
</annotation>
