<annotation>
	<folder>JPEGImages</folder>
	<filename>38.jpg</filename>
	<path>G:\火焰已标注数据集500张\JPEGImages\38.jpg</path>
	<source>
		<database>Unknown</database>
	</source>
	<size>
		<width>262</width>
		<height>193</height>
		<depth>3</depth>
	</size>
	<segmented>0</segmented>
	<object>
		<name>fire</name>
		<pose>Unspecified</pose>
		<truncated>0</truncated>
		<difficult>0</difficult>
		<bndbox>
			<xmin>30</xmin>
			<ymin>17</ymin>
			<xmax>202</xmax>
			<ymax>149</ymax>
		</bndbox>
	</object>
</annotation>
