<annotation>
	<folder>JPEGImages</folder>
	<filename>381.jpg</filename>
	<path>G:\火焰已标注数据集500张\JPEGImages\381.jpg</path>
	<source>
		<database>Unknown</database>
	</source>
	<size>
		<width>259</width>
		<height>194</height>
		<depth>3</depth>
	</size>
	<segmented>0</segmented>
	<object>
		<name>fire</name>
		<pose>Unspecified</pose>
		<truncated>0</truncated>
		<difficult>0</difficult>
		<bndbox>
			<xmin>89</xmin>
			<ymin>50</ymin>
			<xmax>107</xmax>
			<ymax>66</ymax>
		</bndbox>
	</object>
	<object>
		<name>fire</name>
		<pose>Unspecified</pose>
		<truncated>0</truncated>
		<difficult>0</difficult>
		<bndbox>
			<xmin>115</xmin>
			<ymin>16</ymin>
			<xmax>218</xmax>
			<ymax>113</ymax>
		</bndbox>
	</object>
</annotation>
