<annotation>
	<folder>JPEGImages</folder>
	<filename>382.jpg</filename>
	<path>G:\火焰已标注数据集500张\JPEGImages\382.jpg</path>
	<source>
		<database>Unknown</database>
	</source>
	<size>
		<width>185</width>
		<height>273</height>
		<depth>3</depth>
	</size>
	<segmented>0</segmented>
	<object>
		<name>fire</name>
		<pose>Unspecified</pose>
		<truncated>0</truncated>
		<difficult>0</difficult>
		<bndbox>
			<xmin>49</xmin>
			<ymin>163</ymin>
			<xmax>109</xmax>
			<ymax>204</ymax>
		</bndbox>
	</object>
</annotation>
