<annotation>
	<folder>JPEGImages</folder>
	<filename>385.jpg</filename>
	<path>G:\火焰已标注数据集500张\JPEGImages\385.jpg</path>
	<source>
		<database>Unknown</database>
	</source>
	<size>
		<width>291</width>
		<height>173</height>
		<depth>3</depth>
	</size>
	<segmented>0</segmented>
	<object>
		<name>fire</name>
		<pose>Unspecified</pose>
		<truncated>0</truncated>
		<difficult>0</difficult>
		<bndbox>
			<xmin>71</xmin>
			<ymin>94</ymin>
			<xmax>95</xmax>
			<ymax>110</ymax>
		</bndbox>
	</object>
	<object>
		<name>fire</name>
		<pose>Unspecified</pose>
		<truncated>0</truncated>
		<difficult>0</difficult>
		<bndbox>
			<xmin>95</xmin>
			<ymin>105</ymin>
			<xmax>146</xmax>
			<ymax>160</ymax>
		</bndbox>
	</object>
	<object>
		<name>fire</name>
		<pose>Unspecified</pose>
		<truncated>0</truncated>
		<difficult>0</difficult>
		<bndbox>
			<xmin>47</xmin>
			<ymin>116</ymin>
			<xmax>67</xmax>
			<ymax>132</ymax>
		</bndbox>
	</object>
</annotation>
