<annotation>
	<folder>JPEGImages</folder>
	<filename>386.jpg</filename>
	<path>G:\火焰已标注数据集500张\JPEGImages\386.jpg</path>
	<source>
		<database>Unknown</database>
	</source>
	<size>
		<width>310</width>
		<height>163</height>
		<depth>3</depth>
	</size>
	<segmented>0</segmented>
	<object>
		<name>fire</name>
		<pose>Unspecified</pose>
		<truncated>0</truncated>
		<difficult>0</difficult>
		<bndbox>
			<xmin>116</xmin>
			<ymin>58</ymin>
			<xmax>135</xmax>
			<ymax>78</ymax>
		</bndbox>
	</object>
	<object>
		<name>fire</name>
		<pose>Unspecified</pose>
		<truncated>0</truncated>
		<difficult>0</difficult>
		<bndbox>
			<xmin>157</xmin>
			<ymin>66</ymin>
			<xmax>178</xmax>
			<ymax>91</ymax>
		</bndbox>
	</object>
	<object>
		<name>fire</name>
		<pose>Unspecified</pose>
		<truncated>0</truncated>
		<difficult>0</difficult>
		<bndbox>
			<xmin>124</xmin>
			<ymin>106</ymin>
			<xmax>144</xmax>
			<ymax>112</ymax>
		</bndbox>
	</object>
</annotation>
