<annotation>
	<folder>JPEGImages</folder>
	<filename>387.jpg</filename>
	<path>G:\火焰已标注数据集500张\JPEGImages\387.jpg</path>
	<source>
		<database>Unknown</database>
	</source>
	<size>
		<width>194</width>
		<height>259</height>
		<depth>3</depth>
	</size>
	<segmented>0</segmented>
	<object>
		<name>fire</name>
		<pose>Unspecified</pose>
		<truncated>0</truncated>
		<difficult>0</difficult>
		<bndbox>
			<xmin>102</xmin>
			<ymin>126</ymin>
			<xmax>129</xmax>
			<ymax>166</ymax>
		</bndbox>
	</object>
	<object>
		<name>fire</name>
		<pose>Unspecified</pose>
		<truncated>0</truncated>
		<difficult>0</difficult>
		<bndbox>
			<xmin>90</xmin>
			<ymin>191</ymin>
			<xmax>117</xmax>
			<ymax>197</ymax>
		</bndbox>
	</object>
</annotation>
