<annotation>
	<folder>JPEGImages</folder>
	<filename>389.jpg</filename>
	<path>G:\火焰已标注数据集500张\JPEGImages\389.jpg</path>
	<source>
		<database>Unknown</database>
	</source>
	<size>
		<width>300</width>
		<height>168</height>
		<depth>3</depth>
	</size>
	<segmented>0</segmented>
	<object>
		<name>fire</name>
		<pose>Unspecified</pose>
		<truncated>1</truncated>
		<difficult>0</difficult>
		<bndbox>
			<xmin>59</xmin>
			<ymin>1</ymin>
			<xmax>171</xmax>
			<ymax>103</ymax>
		</bndbox>
	</object>
</annotation>
