<annotation>
	<folder>JPEGImages</folder>
	<filename>39.jpg</filename>
	<path>G:\火焰已标注数据集500张\JPEGImages\39.jpg</path>
	<source>
		<database>Unknown</database>
	</source>
	<size>
		<width>289</width>
		<height>175</height>
		<depth>3</depth>
	</size>
	<segmented>0</segmented>
	<object>
		<name>fire</name>
		<pose>Unspecified</pose>
		<truncated>1</truncated>
		<difficult>0</difficult>
		<bndbox>
			<xmin>19</xmin>
			<ymin>1</ymin>
			<xmax>213</xmax>
			<ymax>151</ymax>
		</bndbox>
	</object>
</annotation>
