<annotation>
	<folder>JPEGImages</folder>
	<filename>392.jpg</filename>
	<path>G:\火焰已标注数据集500张\JPEGImages\392.jpg</path>
	<source>
		<database>Unknown</database>
	</source>
	<size>
		<width>274</width>
		<height>184</height>
		<depth>3</depth>
	</size>
	<segmented>0</segmented>
	<object>
		<name>fire</name>
		<pose>Unspecified</pose>
		<truncated>0</truncated>
		<difficult>0</difficult>
		<bndbox>
			<xmin>181</xmin>
			<ymin>81</ymin>
			<xmax>261</xmax>
			<ymax>171</ymax>
		</bndbox>
	</object>
</annotation>
