<annotation>
	<folder>JPEGImages</folder>
	<filename>394.jpg</filename>
	<path>G:\火焰已标注数据集500张\JPEGImages\394.jpg</path>
	<source>
		<database>Unknown</database>
	</source>
	<size>
		<width>271</width>
		<height>186</height>
		<depth>3</depth>
	</size>
	<segmented>0</segmented>
	<object>
		<name>fire</name>
		<pose>Unspecified</pose>
		<truncated>0</truncated>
		<difficult>0</difficult>
		<bndbox>
			<xmin>48</xmin>
			<ymin>97</ymin>
			<xmax>143</xmax>
			<ymax>154</ymax>
		</bndbox>
	</object>
</annotation>
