<annotation>
	<folder>JPEGImages</folder>
	<filename>413.jpg</filename>
	<path>G:\火焰已标注数据集500张\JPEGImages\413.jpg</path>
	<source>
		<database>Unknown</database>
	</source>
	<size>
		<width>205</width>
		<height>246</height>
		<depth>3</depth>
	</size>
	<segmented>0</segmented>
	<object>
		<name>fire</name>
		<pose>Unspecified</pose>
		<truncated>0</truncated>
		<difficult>0</difficult>
		<bndbox>
			<xmin>56</xmin>
			<ymin>133</ymin>
			<xmax>64</xmax>
			<ymax>140</ymax>
		</bndbox>
	</object>
</annotation>
