<annotation>
	<folder>JPEGImages</folder>
	<filename>417.jpg</filename>
	<path>G:\火焰已标注数据集500张\JPEGImages\417.jpg</path>
	<source>
		<database>Unknown</database>
	</source>
	<size>
		<width>156</width>
		<height>235</height>
		<depth>3</depth>
	</size>
	<segmented>0</segmented>
	<object>
		<name>fire</name>
		<pose>Unspecified</pose>
		<truncated>0</truncated>
		<difficult>0</difficult>
		<bndbox>
			<xmin>36</xmin>
			<ymin>46</ymin>
			<xmax>46</xmax>
			<ymax>58</ymax>
		</bndbox>
	</object>
</annotation>
