<annotation>
	<folder>JPEGImages</folder>
	<filename>42.jpg</filename>
	<path>G:\火焰已标注数据集500张\JPEGImages\42.jpg</path>
	<source>
		<database>Unknown</database>
	</source>
	<size>
		<width>275</width>
		<height>183</height>
		<depth>3</depth>
	</size>
	<segmented>0</segmented>
	<object>
		<name>fire</name>
		<pose>Unspecified</pose>
		<truncated>1</truncated>
		<difficult>0</difficult>
		<bndbox>
			<xmin>13</xmin>
			<ymin>1</ymin>
			<xmax>124</xmax>
			<ymax>114</ymax>
		</bndbox>
	</object>
	<object>
		<name>fire</name>
		<pose>Unspecified</pose>
		<truncated>0</truncated>
		<difficult>0</difficult>
		<bndbox>
			<xmin>70</xmin>
			<ymin>129</ymin>
			<xmax>108</xmax>
			<ymax>142</ymax>
		</bndbox>
	</object>
</annotation>
