<annotation>
	<folder>JPEGImages</folder>
	<filename>423.jpg</filename>
	<path>G:\火焰已标注数据集500张\JPEGImages\423.jpg</path>
	<source>
		<database>Unknown</database>
	</source>
	<size>
		<width>274</width>
		<height>184</height>
		<depth>3</depth>
	</size>
	<segmented>0</segmented>
	<object>
		<name>fire</name>
		<pose>Unspecified</pose>
		<truncated>0</truncated>
		<difficult>0</difficult>
		<bndbox>
			<xmin>98</xmin>
			<ymin>95</ymin>
			<xmax>110</xmax>
			<ymax>113</ymax>
		</bndbox>
	</object>
	<object>
		<name>fire</name>
		<pose>Unspecified</pose>
		<truncated>0</truncated>
		<difficult>0</difficult>
		<bndbox>
			<xmin>133</xmin>
			<ymin>103</ymin>
			<xmax>144</xmax>
			<ymax>119</ymax>
		</bndbox>
	</object>
</annotation>
