<annotation>
	<folder>JPEGImages</folder>
	<filename>428.jpg</filename>
	<path>G:\火焰已标注数据集500张\JPEGImages\428.jpg</path>
	<source>
		<database>Unknown</database>
	</source>
	<size>
		<width>275</width>
		<height>183</height>
		<depth>3</depth>
	</size>
	<segmented>0</segmented>
	<object>
		<name>fire</name>
		<pose>Unspecified</pose>
		<truncated>0</truncated>
		<difficult>0</difficult>
		<bndbox>
			<xmin>163</xmin>
			<ymin>83</ymin>
			<xmax>171</xmax>
			<ymax>99</ymax>
		</bndbox>
	</object>
	<object>
		<name>fire</name>
		<pose>Unspecified</pose>
		<truncated>0</truncated>
		<difficult>0</difficult>
		<bndbox>
			<xmin>184</xmin>
			<ymin>82</ymin>
			<xmax>195</xmax>
			<ymax>100</ymax>
		</bndbox>
	</object>
</annotation>
