<annotation>
	<folder>JPEGImages</folder>
	<filename>430.jpg</filename>
	<path>G:\火焰已标注数据集500张\JPEGImages\430.jpg</path>
	<source>
		<database>Unknown</database>
	</source>
	<size>
		<width>309</width>
		<height>163</height>
		<depth>3</depth>
	</size>
	<segmented>0</segmented>
	<object>
		<name>fire</name>
		<pose>Unspecified</pose>
		<truncated>0</truncated>
		<difficult>0</difficult>
		<bndbox>
			<xmin>153</xmin>
			<ymin>101</ymin>
			<xmax>163</xmax>
			<ymax>111</ymax>
		</bndbox>
	</object>
</annotation>
