<annotation>
	<folder>JPEGImages</folder>
	<filename>439.jpg</filename>
	<path>G:\火焰已标注数据集500张\JPEGImages\439.jpg</path>
	<source>
		<database>Unknown</database>
	</source>
	<size>
		<width>183</width>
		<height>275</height>
		<depth>3</depth>
	</size>
	<segmented>0</segmented>
	<object>
		<name>fire</name>
		<pose>Unspecified</pose>
		<truncated>0</truncated>
		<difficult>0</difficult>
		<bndbox>
			<xmin>120</xmin>
			<ymin>125</ymin>
			<xmax>136</xmax>
			<ymax>138</ymax>
		</bndbox>
	</object>
	<object>
		<name>fire</name>
		<pose>Unspecified</pose>
		<truncated>0</truncated>
		<difficult>0</difficult>
		<bndbox>
			<xmin>156</xmin>
			<ymin>154</ymin>
			<xmax>166</xmax>
			<ymax>170</ymax>
		</bndbox>
	</object>
</annotation>
