<annotation>
	<folder>JPEGImages</folder>
	<filename>454.jpg</filename>
	<path>G:\火焰已标注数据集500张\JPEGImages\454.jpg</path>
	<source>
		<database>Unknown</database>
	</source>
	<size>
		<width>299</width>
		<height>168</height>
		<depth>3</depth>
	</size>
	<segmented>0</segmented>
	<object>
		<name>fire</name>
		<pose>Unspecified</pose>
		<truncated>0</truncated>
		<difficult>0</difficult>
		<bndbox>
			<xmin>71</xmin>
			<ymin>27</ymin>
			<xmax>84</xmax>
			<ymax>48</ymax>
		</bndbox>
	</object>
	<object>
		<name>fire</name>
		<pose>Unspecified</pose>
		<truncated>0</truncated>
		<difficult>0</difficult>
		<bndbox>
			<xmin>189</xmin>
			<ymin>50</ymin>
			<xmax>201</xmax>
			<ymax>63</ymax>
		</bndbox>
	</object>
</annotation>
