<annotation>
	<folder>JPEGImages</folder>
	<filename>457.jpg</filename>
	<path>G:\火焰已标注数据集500张\JPEGImages\457.jpg</path>
	<source>
		<database>Unknown</database>
	</source>
	<size>
		<width>194</width>
		<height>259</height>
		<depth>3</depth>
	</size>
	<segmented>0</segmented>
	<object>
		<name>fire</name>
		<pose>Unspecified</pose>
		<truncated>0</truncated>
		<difficult>0</difficult>
		<bndbox>
			<xmin>61</xmin>
			<ymin>36</ymin>
			<xmax>97</xmax>
			<ymax>142</ymax>
		</bndbox>
	</object>
</annotation>
