<annotation>
	<folder>JPEGImages</folder>
	<filename>461.jpg</filename>
	<path>G:\火焰已标注数据集500张\JPEGImages\461.jpg</path>
	<source>
		<database>Unknown</database>
	</source>
	<size>
		<width>183</width>
		<height>275</height>
		<depth>3</depth>
	</size>
	<segmented>0</segmented>
	<object>
		<name>fire</name>
		<pose>Unspecified</pose>
		<truncated>0</truncated>
		<difficult>0</difficult>
		<bndbox>
			<xmin>127</xmin>
			<ymin>98</ymin>
			<xmax>138</xmax>
			<ymax>115</ymax>
		</bndbox>
	</object>
	<object>
		<name>fire</name>
		<pose>Unspecified</pose>
		<truncated>0</truncated>
		<difficult>0</difficult>
		<bndbox>
			<xmin>55</xmin>
			<ymin>189</ymin>
			<xmax>66</xmax>
			<ymax>205</ymax>
		</bndbox>
	</object>
	<object>
		<name>fire</name>
		<pose>Unspecified</pose>
		<truncated>0</truncated>
		<difficult>0</difficult>
		<bndbox>
			<xmin>119</xmin>
			<ymin>231</ymin>
			<xmax>132</xmax>
			<ymax>246</ymax>
		</bndbox>
	</object>
</annotation>
