<annotation>
	<folder>JPEGImages</folder>
	<filename>466.jpg</filename>
	<path>G:\火焰已标注数据集500张\JPEGImages\466.jpg</path>
	<source>
		<database>Unknown</database>
	</source>
	<size>
		<width>266</width>
		<height>189</height>
		<depth>3</depth>
	</size>
	<segmented>0</segmented>
	<object>
		<name>fire</name>
		<pose>Unspecified</pose>
		<truncated>0</truncated>
		<difficult>0</difficult>
		<bndbox>
			<xmin>153</xmin>
			<ymin>24</ymin>
			<xmax>176</xmax>
			<ymax>59</ymax>
		</bndbox>
	</object>
</annotation>
