<annotation>
	<folder>JPEGImages</folder>
	<filename>467.jpg</filename>
	<path>G:\火焰已标注数据集500张\JPEGImages\467.jpg</path>
	<source>
		<database>Unknown</database>
	</source>
	<size>
		<width>194</width>
		<height>260</height>
		<depth>3</depth>
	</size>
	<segmented>0</segmented>
	<object>
		<name>fire</name>
		<pose>Unspecified</pose>
		<truncated>0</truncated>
		<difficult>0</difficult>
		<bndbox>
			<xmin>134</xmin>
			<ymin>108</ymin>
			<xmax>148</xmax>
			<ymax>123</ymax>
		</bndbox>
	</object>
	<object>
		<name>fire</name>
		<pose>Unspecified</pose>
		<truncated>0</truncated>
		<difficult>0</difficult>
		<bndbox>
			<xmin>91</xmin>
			<ymin>64</ymin>
			<xmax>102</xmax>
			<ymax>77</ymax>
		</bndbox>
	</object>
	<object>
		<name>fire</name>
		<pose>Unspecified</pose>
		<truncated>0</truncated>
		<difficult>0</difficult>
		<bndbox>
			<xmin>25</xmin>
			<ymin>43</ymin>
			<xmax>33</xmax>
			<ymax>54</ymax>
		</bndbox>
	</object>
</annotation>
