<annotation>
	<folder>JPEGImages</folder>
	<filename>47.jpg</filename>
	<path>G:\火焰已标注数据集500张\JPEGImages\47.jpg</path>
	<source>
		<database>Unknown</database>
	</source>
	<size>
		<width>336</width>
		<height>150</height>
		<depth>3</depth>
	</size>
	<segmented>0</segmented>
	<object>
		<name>fire</name>
		<pose>Unspecified</pose>
		<truncated>0</truncated>
		<difficult>0</difficult>
		<bndbox>
			<xmin>148</xmin>
			<ymin>37</ymin>
			<xmax>225</xmax>
			<ymax>80</ymax>
		</bndbox>
	</object>
</annotation>
