<annotation>
	<folder>JPEGImages</folder>
	<filename>470.jpg</filename>
	<path>G:\火焰已标注数据集500张\JPEGImages\470.jpg</path>
	<source>
		<database>Unknown</database>
	</source>
	<size>
		<width>275</width>
		<height>183</height>
		<depth>3</depth>
	</size>
	<segmented>0</segmented>
	<object>
		<name>fire</name>
		<pose>Unspecified</pose>
		<truncated>0</truncated>
		<difficult>0</difficult>
		<bndbox>
			<xmin>78</xmin>
			<ymin>48</ymin>
			<xmax>90</xmax>
			<ymax>71</ymax>
		</bndbox>
	</object>
	<object>
		<name>fire</name>
		<pose>Unspecified</pose>
		<truncated>0</truncated>
		<difficult>0</difficult>
		<bndbox>
			<xmin>191</xmin>
			<ymin>39</ymin>
			<xmax>204</xmax>
			<ymax>68</ymax>
		</bndbox>
	</object>
</annotation>
