<annotation>
	<folder>JPEGImages</folder>
	<filename>471.jpg</filename>
	<path>G:\火焰已标注数据集500张\JPEGImages\471.jpg</path>
	<source>
		<database>Unknown</database>
	</source>
	<size>
		<width>284</width>
		<height>177</height>
		<depth>3</depth>
	</size>
	<segmented>0</segmented>
	<object>
		<name>fire</name>
		<pose>Unspecified</pose>
		<truncated>0</truncated>
		<difficult>0</difficult>
		<bndbox>
			<xmin>44</xmin>
			<ymin>70</ymin>
			<xmax>52</xmax>
			<ymax>84</ymax>
		</bndbox>
	</object>
	<object>
		<name>fire</name>
		<pose>Unspecified</pose>
		<truncated>0</truncated>
		<difficult>0</difficult>
		<bndbox>
			<xmin>61</xmin>
			<ymin>71</ymin>
			<xmax>69</xmax>
			<ymax>85</ymax>
		</bndbox>
	</object>
	<object>
		<name>fire</name>
		<pose>Unspecified</pose>
		<truncated>0</truncated>
		<difficult>0</difficult>
		<bndbox>
			<xmin>78</xmin>
			<ymin>73</ymin>
			<xmax>82</xmax>
			<ymax>80</ymax>
		</bndbox>
	</object>
</annotation>
