<annotation>
	<folder>JPEGImages</folder>
	<filename>473.jpg</filename>
	<path>G:\火焰已标注数据集500张\JPEGImages\473.jpg</path>
	<source>
		<database>Unknown</database>
	</source>
	<size>
		<width>262</width>
		<height>193</height>
		<depth>3</depth>
	</size>
	<segmented>0</segmented>
	<object>
		<name>fire</name>
		<pose>Unspecified</pose>
		<truncated>0</truncated>
		<difficult>0</difficult>
		<bndbox>
			<xmin>213</xmin>
			<ymin>125</ymin>
			<xmax>221</xmax>
			<ymax>138</ymax>
		</bndbox>
	</object>
	<object>
		<name>fire</name>
		<pose>Unspecified</pose>
		<truncated>0</truncated>
		<difficult>0</difficult>
		<bndbox>
			<xmin>239</xmin>
			<ymin>106</ymin>
			<xmax>247</xmax>
			<ymax>120</ymax>
		</bndbox>
	</object>
</annotation>
