<annotation>
	<folder>JPEGImages</folder>
	<filename>474.jpg</filename>
	<path>G:\火焰已标注数据集500张\JPEGImages\474.jpg</path>
	<source>
		<database>Unknown</database>
	</source>
	<size>
		<width>299</width>
		<height>168</height>
		<depth>3</depth>
	</size>
	<segmented>0</segmented>
	<object>
		<name>fire</name>
		<pose>Unspecified</pose>
		<truncated>0</truncated>
		<difficult>0</difficult>
		<bndbox>
			<xmin>175</xmin>
			<ymin>40</ymin>
			<xmax>194</xmax>
			<ymax>77</ymax>
		</bndbox>
	</object>
</annotation>
