<annotation>
	<folder>JPEGImages</folder>
	<filename>485.jpg</filename>
	<path>G:\火焰已标注数据集500张\JPEGImages\485.jpg</path>
	<source>
		<database>Unknown</database>
	</source>
	<size>
		<width>279</width>
		<height>181</height>
		<depth>3</depth>
	</size>
	<segmented>0</segmented>
	<object>
		<name>fire</name>
		<pose>Unspecified</pose>
		<truncated>0</truncated>
		<difficult>0</difficult>
		<bndbox>
			<xmin>182</xmin>
			<ymin>21</ymin>
			<xmax>204</xmax>
			<ymax>66</ymax>
		</bndbox>
	</object>
</annotation>
