<annotation>
	<folder>JPEGImages</folder>
	<filename>489.jpg</filename>
	<path>G:\火焰已标注数据集500张\JPEGImages\489.jpg</path>
	<source>
		<database>Unknown</database>
	</source>
	<size>
		<width>183</width>
		<height>275</height>
		<depth>3</depth>
	</size>
	<segmented>0</segmented>
	<object>
		<name>fire</name>
		<pose>Unspecified</pose>
		<truncated>0</truncated>
		<difficult>0</difficult>
		<bndbox>
			<xmin>56</xmin>
			<ymin>200</ymin>
			<xmax>66</xmax>
			<ymax>212</ymax>
		</bndbox>
	</object>
	<object>
		<name>fire</name>
		<pose>Unspecified</pose>
		<truncated>0</truncated>
		<difficult>0</difficult>
		<bndbox>
			<xmin>109</xmin>
			<ymin>191</ymin>
			<xmax>124</xmax>
			<ymax>215</ymax>
		</bndbox>
	</object>
</annotation>
