<annotation>
	<folder>JPEGImages</folder>
	<filename>49.jpg</filename>
	<path>G:\火焰已标注数据集500张\JPEGImages\49.jpg</path>
	<source>
		<database>Unknown</database>
	</source>
	<size>
		<width>290</width>
		<height>174</height>
		<depth>3</depth>
	</size>
	<segmented>0</segmented>
	<object>
		<name>fire</name>
		<pose>Unspecified</pose>
		<truncated>0</truncated>
		<difficult>0</difficult>
		<bndbox>
			<xmin>146</xmin>
			<ymin>64</ymin>
			<xmax>214</xmax>
			<ymax>143</ymax>
		</bndbox>
	</object>
</annotation>
