<annotation>
	<folder>JPEGImages</folder>
	<filename>492.jpg</filename>
	<path>G:\火焰已标注数据集500张\JPEGImages\492.jpg</path>
	<source>
		<database>Unknown</database>
	</source>
	<size>
		<width>259</width>
		<height>194</height>
		<depth>3</depth>
	</size>
	<segmented>0</segmented>
	<object>
		<name>fire</name>
		<pose>Unspecified</pose>
		<truncated>0</truncated>
		<difficult>0</difficult>
		<bndbox>
			<xmin>53</xmin>
			<ymin>36</ymin>
			<xmax>70</xmax>
			<ymax>76</ymax>
		</bndbox>
	</object>
	<object>
		<name>fire</name>
		<pose>Unspecified</pose>
		<truncated>0</truncated>
		<difficult>0</difficult>
		<bndbox>
			<xmin>145</xmin>
			<ymin>13</ymin>
			<xmax>160</xmax>
			<ymax>47</ymax>
		</bndbox>
	</object>
	<object>
		<name>fire</name>
		<pose>Unspecified</pose>
		<truncated>0</truncated>
		<difficult>0</difficult>
		<bndbox>
			<xmin>161</xmin>
			<ymin>61</ymin>
			<xmax>178</xmax>
			<ymax>104</ymax>
		</bndbox>
	</object>
</annotation>
