<annotation>
	<folder>JPEGImages</folder>
	<filename>495.jpg</filename>
	<path>G:\火焰已标注数据集500张\JPEGImages\495.jpg</path>
	<source>
		<database>Unknown</database>
	</source>
	<size>
		<width>251</width>
		<height>201</height>
		<depth>3</depth>
	</size>
	<segmented>0</segmented>
	<object>
		<name>fire</name>
		<pose>Unspecified</pose>
		<truncated>0</truncated>
		<difficult>0</difficult>
		<bndbox>
			<xmin>144</xmin>
			<ymin>98</ymin>
			<xmax>160</xmax>
			<ymax>116</ymax>
		</bndbox>
	</object>
</annotation>
