<annotation>
	<folder>JPEGImages</folder>
	<filename>497.jpg</filename>
	<path>G:\火焰已标注数据集500张\JPEGImages\497.jpg</path>
	<source>
		<database>Unknown</database>
	</source>
	<size>
		<width>183</width>
		<height>275</height>
		<depth>3</depth>
	</size>
	<segmented>0</segmented>
	<object>
		<name>fire</name>
		<pose>Unspecified</pose>
		<truncated>0</truncated>
		<difficult>0</difficult>
		<bndbox>
			<xmin>73</xmin>
			<ymin>10</ymin>
			<xmax>83</xmax>
			<ymax>26</ymax>
		</bndbox>
	</object>
</annotation>
