<annotation>
	<folder>JPEGImages</folder>
	<filename>499.jpg</filename>
	<path>G:\火焰已标注数据集500张\JPEGImages\499.jpg</path>
	<source>
		<database>Unknown</database>
	</source>
	<size>
		<width>275</width>
		<height>183</height>
		<depth>3</depth>
	</size>
	<segmented>0</segmented>
	<object>
		<name>fire</name>
		<pose>Unspecified</pose>
		<truncated>0</truncated>
		<difficult>0</difficult>
		<bndbox>
			<xmin>131</xmin>
			<ymin>23</ymin>
			<xmax>139</xmax>
			<ymax>33</ymax>
		</bndbox>
	</object>
</annotation>
