<annotation>
	<folder>JPEGImages</folder>
	<filename>52.jpg</filename>
	<path>G:\火焰已标注数据集500张\JPEGImages\52.jpg</path>
	<source>
		<database>Unknown</database>
	</source>
	<size>
		<width>254</width>
		<height>198</height>
		<depth>3</depth>
	</size>
	<segmented>0</segmented>
	<object>
		<name>fire</name>
		<pose>Unspecified</pose>
		<truncated>0</truncated>
		<difficult>0</difficult>
		<bndbox>
			<xmin>94</xmin>
			<ymin>10</ymin>
			<xmax>223</xmax>
			<ymax>87</ymax>
		</bndbox>
	</object>
</annotation>
