<annotation>
	<folder>JPEGImages</folder>
	<filename>55.jpg</filename>
	<path>G:\火焰已标注数据集500张\JPEGImages\55.jpg</path>
	<source>
		<database>Unknown</database>
	</source>
	<size>
		<width>300</width>
		<height>168</height>
		<depth>3</depth>
	</size>
	<segmented>0</segmented>
	<object>
		<name>fire</name>
		<pose>Unspecified</pose>
		<truncated>0</truncated>
		<difficult>0</difficult>
		<bndbox>
			<xmin>150</xmin>
			<ymin>88</ymin>
			<xmax>187</xmax>
			<ymax>114</ymax>
		</bndbox>
	</object>
</annotation>
