<annotation>
	<folder>JPEGImages</folder>
	<filename>72.jpg</filename>
	<path>G:\火焰已标注数据集500张\JPEGImages\72.jpg</path>
	<source>
		<database>Unknown</database>
	</source>
	<size>
		<width>195</width>
		<height>258</height>
		<depth>3</depth>
	</size>
	<segmented>0</segmented>
	<object>
		<name>fire</name>
		<pose>Unspecified</pose>
		<truncated>0</truncated>
		<difficult>0</difficult>
		<bndbox>
			<xmin>132</xmin>
			<ymin>150</ymin>
			<xmax>149</xmax>
			<ymax>169</ymax>
		</bndbox>
	</object>
</annotation>
