<annotation>
	<folder>JPEGImages</folder>
	<filename>76.jpg</filename>
	<path>G:\火焰已标注数据集500张\JPEGImages\76.jpg</path>
	<source>
		<database>Unknown</database>
	</source>
	<size>
		<width>277</width>
		<height>182</height>
		<depth>3</depth>
	</size>
	<segmented>0</segmented>
	<object>
		<name>fire</name>
		<pose>Unspecified</pose>
		<truncated>0</truncated>
		<difficult>0</difficult>
		<bndbox>
			<xmin>152</xmin>
			<ymin>30</ymin>
			<xmax>163</xmax>
			<ymax>60</ymax>
		</bndbox>
	</object>
</annotation>
