<annotation>
	<folder>JPEGImages</folder>
	<filename>78.jpg</filename>
	<path>G:\火焰已标注数据集500张\JPEGImages\78.jpg</path>
	<source>
		<database>Unknown</database>
	</source>
	<size>
		<width>225</width>
		<height>225</height>
		<depth>3</depth>
	</size>
	<segmented>0</segmented>
	<object>
		<name>fire</name>
		<pose>Unspecified</pose>
		<truncated>0</truncated>
		<difficult>0</difficult>
		<bndbox>
			<xmin>81</xmin>
			<ymin>52</ymin>
			<xmax>89</xmax>
			<ymax>65</ymax>
		</bndbox>
	</object>
	<object>
		<name>fire</name>
		<pose>Unspecified</pose>
		<truncated>0</truncated>
		<difficult>0</difficult>
		<bndbox>
			<xmin>132</xmin>
			<ymin>53</ymin>
			<xmax>143</xmax>
			<ymax>67</ymax>
		</bndbox>
	</object>
	<object>
		<name>fire</name>
		<pose>Unspecified</pose>
		<truncated>0</truncated>
		<difficult>0</difficult>
		<bndbox>
			<xmin>187</xmin>
			<ymin>47</ymin>
			<xmax>194</xmax>
			<ymax>67</ymax>
		</bndbox>
	</object>
</annotation>
