<annotation>
	<folder>JPEGImages</folder>
	<filename>82.jpg</filename>
	<path>G:\火焰已标注数据集500张\JPEGImages\82.jpg</path>
	<source>
		<database>Unknown</database>
	</source>
	<size>
		<width>168</width>
		<height>300</height>
		<depth>3</depth>
	</size>
	<segmented>0</segmented>
	<object>
		<name>fire</name>
		<pose>Unspecified</pose>
		<truncated>0</truncated>
		<difficult>0</difficult>
		<bndbox>
			<xmin>23</xmin>
			<ymin>82</ymin>
			<xmax>40</xmax>
			<ymax>100</ymax>
		</bndbox>
	</object>
	<object>
		<name>fire</name>
		<pose>Unspecified</pose>
		<truncated>0</truncated>
		<difficult>0</difficult>
		<bndbox>
			<xmin>75</xmin>
			<ymin>29</ymin>
			<xmax>89</xmax>
			<ymax>47</ymax>
		</bndbox>
	</object>
	<object>
		<name>fire</name>
		<pose>Unspecified</pose>
		<truncated>0</truncated>
		<difficult>0</difficult>
		<bndbox>
			<xmin>113</xmin>
			<ymin>63</ymin>
			<xmax>132</xmax>
			<ymax>82</ymax>
		</bndbox>
	</object>
</annotation>
