<annotation>
	<folder>JPEGImages</folder>
	<filename>83.jpg</filename>
	<path>G:\火焰已标注数据集500张\JPEGImages\83.jpg</path>
	<source>
		<database>Unknown</database>
	</source>
	<size>
		<width>192</width>
		<height>262</height>
		<depth>3</depth>
	</size>
	<segmented>0</segmented>
	<object>
		<name>fire</name>
		<pose>Unspecified</pose>
		<truncated>0</truncated>
		<difficult>0</difficult>
		<bndbox>
			<xmin>74</xmin>
			<ymin>65</ymin>
			<xmax>98</xmax>
			<ymax>121</ymax>
		</bndbox>
	</object>
</annotation>
