<annotation>
	<folder>JPEGImages</folder>
	<filename>85.jpg</filename>
	<path>G:\火焰已标注数据集500张\JPEGImages\85.jpg</path>
	<source>
		<database>Unknown</database>
	</source>
	<size>
		<width>225</width>
		<height>224</height>
		<depth>3</depth>
	</size>
	<segmented>0</segmented>
	<object>
		<name>fire</name>
		<pose>Unspecified</pose>
		<truncated>0</truncated>
		<difficult>0</difficult>
		<bndbox>
			<xmin>105</xmin>
			<ymin>22</ymin>
			<xmax>119</xmax>
			<ymax>37</ymax>
		</bndbox>
	</object>
</annotation>
