<annotation>
	<folder>JPEGImages</folder>
	<filename>91.jpg</filename>
	<path>G:\火焰已标注数据集500张\JPEGImages\91.jpg</path>
	<source>
		<database>Unknown</database>
	</source>
	<size>
		<width>264</width>
		<height>191</height>
		<depth>3</depth>
	</size>
	<segmented>0</segmented>
	<object>
		<name>fire</name>
		<pose>Unspecified</pose>
		<truncated>0</truncated>
		<difficult>0</difficult>
		<bndbox>
			<xmin>131</xmin>
			<ymin>69</ymin>
			<xmax>181</xmax>
			<ymax>106</ymax>
		</bndbox>
	</object>
	<object>
		<name>fire</name>
		<pose>Unspecified</pose>
		<truncated>0</truncated>
		<difficult>0</difficult>
		<bndbox>
			<xmin>107</xmin>
			<ymin>114</ymin>
			<xmax>245</xmax>
			<ymax>159</ymax>
		</bndbox>
	</object>
</annotation>
