<annotation>
	<folder>JPEGImages</folder>
	<filename>95.jpg</filename>
	<path>G:\火焰已标注数据集500张\JPEGImages\95.jpg</path>
	<source>
		<database>Unknown</database>
	</source>
	<size>
		<width>295</width>
		<height>171</height>
		<depth>3</depth>
	</size>
	<segmented>0</segmented>
	<object>
		<name>fire</name>
		<pose>Unspecified</pose>
		<truncated>0</truncated>
		<difficult>0</difficult>
		<bndbox>
			<xmin>8</xmin>
			<ymin>43</ymin>
			<xmax>76</xmax>
			<ymax>86</ymax>
		</bndbox>
	</object>
</annotation>
