<annotation>
	<folder>JPEGImages</folder>
	<filename>99.jpg</filename>
	<path>G:\火焰已标注数据集500张\JPEGImages\99.jpg</path>
	<source>
		<database>Unknown</database>
	</source>
	<size>
		<width>300</width>
		<height>168</height>
		<depth>3</depth>
	</size>
	<segmented>0</segmented>
	<object>
		<name>fire</name>
		<pose>Unspecified</pose>
		<truncated>0</truncated>
		<difficult>0</difficult>
		<bndbox>
			<xmin>210</xmin>
			<ymin>10</ymin>
			<xmax>283</xmax>
			<ymax>73</ymax>
		</bndbox>
	</object>
	<object>
		<name>fire</name>
		<pose>Unspecified</pose>
		<truncated>0</truncated>
		<difficult>0</difficult>
		<bndbox>
			<xmin>269</xmin>
			<ymin>85</ymin>
			<xmax>282</xmax>
			<ymax>97</ymax>
		</bndbox>
	</object>
</annotation>
